{"Munich":"München",
  "Frankfurt":"Frankfurt am Main",
  "Cologne":"Köln",
  "Nuremberg":"Nürnberg",
  "Vienna":"Wien",
  "Ludwigshafen am Rhein":"Ludwigshafen",
  "Baden-Wurttemberg":"Baden-Württemberg",
  "Bavaria":"Bayern",
  "Hesse": "Hessen",
  "Lower Saxony": "Lower-Saxony",
  "Nordrhein-Westfalen":"North-Rhine-Westphalia",
  "North Rhine-Westphalia":"Nordrhein-Westfalen",
  "North-Rhine-Westphalia":"Nordrhein-Westfalen",
  "Rheinland-Pfalz": "Rheinland-Pfalz",
  "Rhineland-Palatinate": "Rheinland-Pfalz",
  "Saxony": "Sachsen",
  "Saxony-Anhalt": "Sachsen-Anhalt",
  "Thuringia": "Thüringen",
  "Auvergne-Rhone-Alpes": "Auvergne-Rhône-Alpes",
  "Bourgogne Franche-Comté":"Bourgogne-Franche-Comté",
  "Bourgogne-Franche-Comte": "Bourgogne-Franche-Comté",
  "Brittany":"Bretagne",
  "Corsica":"Corse",
  "Normandy": "Normandie",
  "Provence-Alpes-Cote d'Azur": "Provence-Alpes-Côte d'Azur",
  "Saint Peter Port": "Saint-Pierre-Port",
  "Finistere": "Finistère",
  "Maritime Alps": "Alpes-Maritimes",
  "Vendee": "Vendée"
}
